{"Albany-Schenectady, NY": {"Population": 1190312, "Latitude": 42.9541907, "Longitude": -73.9003745}, "Albuquerque-Santa Fe-Las Vegas, NM": {"Population": 1164315, "Latitude": 35.6436004, "Longitude": -106.0309748}, "Altoona-Huntingdon, PA": {"Population": 165656, "Latitude": 40.4406009, "Longitude": -78.1177622}, "Amarillo-Pampa-Borger, TX": {"Population": 312025, "Latitude": 35.4032661, "Longitude": -101.5910554}, "Appleton-Oshkosh-Neenah, WI": {"Population": 415707, "Latitude": 44.2101754, "Longitude": -88.4686198}, "Asheville-Marion-Brevard, NC": {"Population": 550223, "Latitude": 35.5604194, "Longitude": -82.5997021}, "Atlanta--Athens-Clarke County--Sandy Springs, GA-AL": {"Population": 6997351, "Latitude": 33.7283603, "Longitude": -84.3485918}, "Bend-Prineville, OR": {"Population": 230540, "Latitude": 44.0281848, "Longitude": -120.7969125}, "Birmingham-Hoover-Talladega, AL": {"Population": 1350100, "Latitude": 33.5270098, "Longitude": -86.7483484}, "Bloomington-Bedford, IN": {"Population": 206391, "Latitude": 39.0925374, "Longitude": -86.6059658}, "Bloomington-Pontiac, IL": {"Population": 206553, "Latitude": 40.67867, "Longitude": -88.7120158}, "Bloomsburg-Berwick-Sunbury, PA": {"Population": 256414, "Latitude": 40.9251814, "Longitude": -76.7530109}, "Boise City-Mountain Home-Ontario, ID-OR": {"Population": 882138, "Latitude": 43.1403721, "Longitude": -116.651537}, "Boston-Worcester-Providence, MA-RI-NH-CT": {"Population": 8430341, "Latitude": 42.359361, "Longitude": -71.2719976}, "Bowling Green-Glasgow, KY": {"Population": 237487, "Latitude": 37.0180033, "Longitude": -86.216011}, "Brownsville-Harlingen-Raymondville, TX": {"Population": 443345, "Latitude": 26.2753821, "Longitude": -97.5056736}, "Buffalo-Cheektowaga-Olean, NY": {"Population": 1238762, "Latitude": 42.75392, "Longitude": -78.7406381}, "Burlington-Fort Madison-Keokuk, IA-IL-MO": {"Population": 102154, "Latitude": 40.5967996, "Longitude": -91.3047463}, "Burlington-South Burlington-Barre, VT": {"Population": 286580, "Latitude": 44.5558403, "Longitude": -72.8994318}, "Cape Coral-Fort Myers-Naples, FL": {"Population": 1214269, "Latitude": 26.3343629, "Longitude": -81.5359827}, "Cape Girardeau-Sikeston, MO-IL": {"Population": 135539, "Latitude": 37.2632251, "Longitude": -89.724126}, "Cedar Rapids-Iowa City, IA": {"Population": 452674, "Latitude": 41.8760663, "Longitude": -91.6385216}, "Charleston-Huntington-Ashland, WV-OH-KY": {"Population": 771171, "Latitude": 38.4360542, "Longitude": -82.152437}, "Charlotte-Concord, NC-SC": {"Population": 2864830, "Latitude": 35.1884082, "Longitude": -80.815944}, "Chattanooga-Cleveland-Dalton, TN-GA": {"Population": 1008742, "Latitude": 35.0264059, "Longitude": -85.0576568}, "Chicago-Naperville, IL-IN-WI": {"Population": 9876339, "Latitude": 41.6973467, "Longitude": -88.0058328}, "Cincinnati-Wilmington-Maysville, OH-KY-IN": {"Population": 2318870, "Latitude": 39.1013177, "Longitude": -84.3972826}, "Cleveland-Akron-Canton, OH": {"Population": 3615968, "Latitude": 41.3582646, "Longitude": -81.5713715}, "Cleveland-Indianola, MS": {"Population": 55710, "Latitude": 33.7115849, "Longitude": -90.752769}, "Clovis-Portales, NM": {"Population": 67018, "Latitude": 34.2225852, "Longitude": -103.4313981}, "Columbia-Moberly-Mexico, MO": {"Population": 262865, "Latitude": 39.1159378, "Longitude": -92.3896971}, "Columbia-Orangeburg-Newberry, SC": {"Population": 959208, "Latitude": 33.9834341, "Longitude": -81.0577227}, "Columbus-Auburn-Opelika, GA-AL": {"Population": 504754, "Latitude": 32.4508718, "Longitude": -84.9358086}, "Columbus-Marion-Zanesville, OH": {"Population": 2555732, "Latitude": 39.9821013, "Longitude": -82.7708641}, "Columbus-West Point, MS": {"Population": 76685, "Latitude": 33.554512, "Longitude": -88.5940798}, "Corpus Christi-Kingsville-Alice, TX": {"Population": 526866, "Latitude": 27.5346922, "Longitude": -97.8130198}, "Dallas-Fort Worth, TX-OK": {"Population": 8255035, "Latitude": 32.9393547, "Longitude": -96.8833044}, "Davenport-Moline, IA-IL": {"Population": 470719, "Latitude": 41.510796, "Longitude": -90.5631019}, "Dayton-Springfield-Kettering, OH": {"Population": 1087422, "Latitude": 40.0071712, "Longitude": -84.1440997}, "Denver-Aurora, CO": {"Population": 3642145, "Latitude": 39.8135809, "Longitude": -104.770428}, "DeRidder-Fort Polk South, LA": {"Population": 84611, "Latitude": 30.894445, "Longitude": -93.2585021}, "Des Moines-Ames-West Des Moines, IA": {"Population": 900705, "Latitude": 41.6192007, "Longitude": -93.5769873}, "Detroit-Warren-Ann Arbor, MI": {"Population": 5393033, "Latitude": 42.5316344, "Longitude": -83.4394978}, "Dixon-Sterling, IL": {"Population": 89354, "Latitude": 41.7514897, "Longitude": -89.6002838}, "Dothan-Ozark, AL": {"Population": 200960, "Latitude": 31.2967818, "Longitude": -85.4988597}, "Eau Claire-Menomonie, WI": {"Population": 218864, "Latitude": 44.9413846, "Longitude": -91.4902636}, "Edwards-Glenwood Springs, CO": {"Population": 135236, "Latitude": 39.5436382, "Longitude": -107.3694577}, "El Paso-Las Cruces, TX-NM": {"Population": 1092742, "Latitude": 31.8547813, "Longitude": -106.0616777}, "Elmira-Corning, NY": {"Population": 175993, "Latitude": 42.2392812, "Longitude": -77.2422896}, "Erie-Meadville, PA": {"Population": 352362, "Latitude": 41.9444356, "Longitude": -80.1014865}, "Fargo-Wahpeton, ND-MN": {"Population": 275091, "Latitude": 46.6457617, "Longitude": -96.8853437}, "Fayetteville-Sanford-Lumberton, NC": {"Population": 842044, "Latitude": 35.0543596, "Longitude": -79.1383247}, "Fort Wayne-Huntington-Auburn, IN": {"Population": 649105, "Latitude": 41.1166621, "Longitude": -85.1996728}, "Fresno-Madera-Hanford, CA": {"Population": 1326434, "Latitude": 36.7624668, "Longitude": -119.7021835}, "Gainesville-Lake City, FL": {"Population": 412141, "Latitude": 29.6215005, "Longitude": -82.6596962}, "Grand Rapids-Kentwood-Muskegon, MI": {"Population": 1429112, "Latitude": 43.0251872, "Longitude": -86.0111157}, "Green Bay-Shawano, WI": {"Population": 374638, "Latitude": 44.7463453, "Longitude": -88.1080199}, "Greensboro--Winston-Salem--High Point, NC": {"Population": 1705315, "Latitude": 36.0894206, "Longitude": -80.0777368}, "Greenville-Kinston-Washington, NC": {"Population": 271343, "Latitude": 35.4725341, "Longitude": -77.175391}, "Greenville-Spartanburg-Anderson, SC": {"Population": 1508150, "Latitude": 34.7116891, "Longitude": -82.278324}, "Harrisburg-York-Lebanon, PA": {"Population": 1302621, "Latitude": 40.1554075, "Longitude": -76.9528274}, "Harrisonburg-Staunton, VA": {"Population": 261598, "Latitude": 38.3241701, "Longitude": -79.0115432}, "Hartford-East Hartford, CT": {"Population": 1480711, "Latitude": 41.636406, "Longitude": -72.4209341}, "Hattiesburg-Laurel, MS": {"Population": 256113, "Latitude": 31.4960007, "Longitude": -89.2340531}, "Hot Springs-Malvern, AR": {"Population": 133478, "Latitude": 34.4579675, "Longitude": -93.0565463}, "Houston-The Woodlands, TX": {"Population": 7398774, "Latitude": 29.6770696, "Longitude": -95.5626786}, "Huntsville-Decatur, AL": {"Population": 659486, "Latitude": 34.642686, "Longitude": -86.9118088}, "Idaho Falls-Rexburg-Blackfoot, ID": {"Population": 279135, "Latitude": 43.6614201, "Longitude": -112.1997004}, "Indianapolis-Carmel-Muncie, IN": {"Population": 2507944, "Latitude": 39.6530262, "Longitude": -86.0710313}, "Ithaca-Cortland, NY": {"Population": 151473, "Latitude": 42.5243059, "Longitude": -76.270174}, "Jackson-Brownsville, TN": {"Population": 198493, "Latitude": 35.7072575, "Longitude": -88.9764388}, "Jackson-Vicksburg-Brookhaven, MS": {"Population": 665724, "Latitude": 32.3432961, "Longitude": -90.284915}, "Jacksonville-St. Marys-Palatka, FL-GA": {"Population": 1767497, "Latitude": 30.2377526, "Longitude": -81.7373115}, "Johnson City-Kingsport-Bristol, TN-VA": {"Population": 516729, "Latitude": 36.5030418, "Longitude": -82.411036}, "Johnstown-Somerset, PA": {"Population": 205794, "Latitude": 40.1765275, "Longitude": -78.9062205}, "Jonesboro-Paragould, AR": {"Population": 181195, "Latitude": 35.8163754, "Longitude": -90.6233797}, "Joplin-Miami, MO-OK": {"Population": 212881, "Latitude": 36.9953943, "Longitude": -94.4702973}, "Kalamazoo-Battle Creek-Portage, MI": {"Population": 500670, "Latitude": 42.0991199, "Longitude": -85.2642057}, "Kansas City-Overland Park-Kansas City, MO-KS": {"Population": 2535652, "Latitude": 39.0558175, "Longitude": -94.5593249}, "Kennewick-Richland-Walla Walla, WA": {"Population": 370975, "Latitude": 46.3236482, "Longitude": -119.0219008}, "Kerrville-Fredericksburg, TX": {"Population": 80458, "Latitude": 30.1872982, "Longitude": -99.1526949}, "Knoxville-Morristown-Sevierville, TN": {"Population": 1173202, "Latitude": 36.0110752, "Longitude": -83.908287}, "Kokomo-Peru, IN": {"Population": 119768, "Latitude": 40.6442304, "Longitude": -86.0765555}, "Lafayette-Opelousas-Morgan City, LA": {"Population": 609515, "Latitude": 29.9941199, "Longitude": -91.9382075}, "Lafayette-West Lafayette-Frankfort, IN": {"Population": 257774, "Latitude": 40.4430027, "Longitude": -86.9153386}, "Lake Charles-Jennings, LA": {"Population": 242707, "Latitude": 30.0357496, "Longitude": -93.177395}, "Las Vegas-Henderson, NV": {"Population": 2345926, "Latitude": 37.4785344, "Longitude": -116.0154573}, "Lexington-Fayette--Richmond--Frankfort, KY": {"Population": 749512, "Latitude": 38.00627, "Longitude": -84.2954186}, "Lima-Van Wert-Celina, OH": {"Population": 218852, "Latitude": 40.6772957, "Longitude": -84.3962881}, "Lincoln-Beatrice, NE": {"Population": 363733, "Latitude": 40.6096057, "Longitude": -96.8019431}, "Little Rock-North Little Rock, AR": {"Population": 914555, "Latitude": 34.6347424, "Longitude": -92.1770636}, "Los Angeles-Long Beach, CA": {"Population": 18490242, "Latitude": 34.4706938, "Longitude": -116.6480301}, "Louisville/Jefferson County--Elizabethtown--Bardstown, KY-IN": {"Population": 1512785, "Latitude": 38.1419209, "Longitude": -85.7359465}, "Lubbock-Plainview-Levelland, TX": {"Population": 378828, "Latitude": 33.6272424, "Longitude": -101.8222474}, "Macon-Bibb County--Warner Robins, GA": {"Population": 429129, "Latitude": 32.7715666, "Longitude": -83.71412}, "Madison-Janesville-Beloit, WI": {"Population": 913261, "Latitude": 43.0794246, "Longitude": -89.5768277}, "Mankato-New Ulm, MN": {"Population": 129431, "Latitude": 44.1838325, "Longitude": -94.3328081}, "Mansfield-Ashland-Bucyrus, OH": {"Population": 219265, "Latitude": 40.8207554, "Longitude": -82.5671614}, "Marinette-Iron Mountain, WI-MI": {"Population": 95554, "Latitude": 45.5889957, "Longitude": -87.8659534}, "Martin-Union City, TN": {"Population": 63502, "Latitude": 36.3277182, "Longitude": -88.9282576}, "McAllen-Edinburg, TX": {"Population": 946405, "Latitude": 26.4691767, "Longitude": -98.4244858}, "Medford-Grants Pass, OR": {"Population": 312080, "Latitude": 42.4076298, "Longitude": -123.0344342}, "Memphis-Forrest City, TN-MS-AR": {"Population": 1358842, "Latitude": 35.0235331, "Longitude": -89.9753257}, "Miami-Port St. Lucie-Fort Lauderdale, FL": {"Population": 6841100, "Latitude": 25.8920359, "Longitude": -80.82453}, "Midland-Odessa, TX": {"Population": 334271, "Latitude": 32.0164572, "Longitude": -102.1743974}, "Milwaukee-Racine-Waukesha, WI": {"Population": 2044438, "Latitude": 43.0980691, "Longitude": -88.0793626}, "Minneapolis-St. Paul, MN-WI": {"Population": 4080232, "Latitude": 45.0455874, "Longitude": -93.464656}, "Mobile-Daphne-Fairhope, AL": {"Population": 667514, "Latitude": 30.8396532, "Longitude": -88.0088266}, "Monroe-Ruston, LA": {"Population": 253036, "Latitude": 32.7109281, "Longitude": -92.2102097}, "Montgomery-Selma-Alexander City, AL": {"Population": 474890, "Latitude": 32.5017677, "Longitude": -86.4292198}, "Morgantown-Fairmont, WV": {"Population": 196746, "Latitude": 39.5233497, "Longitude": -79.9070533}, "Moses Lake-Othello, WA": {"Population": 120918, "Latitude": 47.1149142, "Longitude": -119.0878533}, "Mount Pleasant-Alma, MI": {"Population": 106357, "Latitude": 43.4675732, "Longitude": -84.7261435}, "Myrtle Beach-Conway, SC-NC": {"Population": 573715, "Latitude": 33.7949863, "Longitude": -78.8420605}, "Nashville-Davidson--Murfreesboro, TN": {"Population": 2143407, "Latitude": 35.9686287, "Longitude": -86.7044417}, "New Bern-Morehead City, NC": {"Population": 190814, "Latitude": 35.000848, "Longitude": -76.8178089}, "New Orleans-Metairie-Hammond, LA-MS": {"Population": 1498579, "Latitude": 30.0226129, "Longitude": -89.7762567}, "New York-Newark, NY-NJ-CT-PA": {"Population": 23216685, "Latitude": 41.0667546, "Longitude": -73.8753114}, "North Port-Sarasota, FL": {"Population": 1089011, "Latitude": 27.1863541, "Longitude": -82.1919561}, "Oklahoma City-Shawnee, OK": {"Population": 1514666, "Latitude": 35.4014612, "Longitude": -97.43559}, "Omaha-Council Bluffs-Fremont, NE-IA": {"Population": 1008740, "Latitude": 41.3216205, "Longitude": -96.0710687}, "Orlando-Lakeland-Deltona, FL": {"Population": 4291852, "Latitude": 28.4420863, "Longitude": -81.4742897}, "Paducah-Mayfield, KY-IL": {"Population": 134683, "Latitude": 37.0007235, "Longitude": -88.6654008}, "Parkersburg-Marietta-Vienna, WV-OH": {"Population": 148110, "Latitude": 39.30064, "Longitude": -81.4793928}, "Pensacola-Ferry Pass, FL-AL": {"Population": 553087, "Latitude": 30.7552151, "Longitude": -87.1582526}, "Philadelphia-Reading-Camden, PA-NJ-DE-MD": {"Population": 7366346, "Latitude": 39.7357884, "Longitude": -75.28995}, "Phoenix-Mesa, AZ": {"Population": 4999734, "Latitude": 33.3389728, "Longitude": -111.7594716}, "Pittsburgh-New Castle-Weirton, PA-OH-WV": {"Population": 2637506, "Latitude": 40.4874503, "Longitude": -79.8419874}, "Portland-Lewiston-South Portland, ME": {"Population": 667927, "Latitude": 43.7284113, "Longitude": -70.3870016}, "Portland-Vancouver-Salem, OR-WA": {"Population": 3285275, "Latitude": 45.2912374, "Longitude": -122.6219451}, "Pueblo-Cañon City, CO": {"Population": 219283, "Latitude": 38.2911738, "Longitude": -104.873515}, "Pullman-Moscow, WA-ID": {"Population": 88186, "Latitude": 46.8734141, "Longitude": -117.2544091}, "Quincy-Hannibal, IL-MO": {"Population": 113833, "Latitude": 39.8807657, "Longitude": -91.4598383}, "Raleigh-Durham-Cary, NC": {"Population": 2144608, "Latitude": 35.9418901, "Longitude": -78.7225486}, "Rapid City-Spearfish, SD": {"Population": 168144, "Latitude": 44.3221743, "Longitude": -102.8818402}, "Redding-Red Bluff, CA": {"Population": 247637, "Latitude": 40.4864218, "Longitude": -122.1258386}, "Reno-Carson City-Fernley, NV": {"Population": 667301, "Latitude": 40.1265234, "Longitude": -119.5577045}, "Richmond-Connersville, IN": {"Population": 89816, "Latitude": 39.7864822, "Longitude": -85.0686358}, "Rochester-Austin, MN": {"Population": 267309, "Latitude": 43.8927873, "Longitude": -92.4294599}, "Rochester-Batavia-Seneca Falls, NY": {"Population": 1176514, "Latitude": 43.1133291, "Longitude": -77.531125}, "Rockford-Freeport-Rochelle, IL": {"Population": 431748, "Latitude": 42.2336418, "Longitude": -89.3064012}, "Rocky Mount-Wilson-Roanoke Rapids, NC": {"Population": 287305, "Latitude": 36.0911586, "Longitude": -77.6940279}, "Sacramento-Roseville, CA": {"Population": 2697399, "Latitude": 38.9108605, "Longitude": -121.0558759}, "Saginaw-Midland-Bay City, MI": {"Population": 376033, "Latitude": 43.5418521, "Longitude": -84.1071261}, "Salisbury-Cambridge, MD-DE": {"Population": 461712, "Latitude": 38.4070942, "Longitude": -75.6313627}, "Salt Lake City-Provo-Orem, UT": {"Population": 2746164, "Latitude": 40.6908178, "Longitude": -112.5591526}, "San Antonio-New Braunfels-Pearsall, TX": {"Population": 2620224, "Latitude": 29.3537103, "Longitude": -98.669666}, "San Jose-San Francisco-Oakland, CA": {"Population": 9545921, "Latitude": 37.6648454, "Longitude": -121.7317408}, "Savannah-Hinesville-Statesboro, GA": {"Population": 605693, "Latitude": 31.9831518, "Longitude": -81.5389569}, "Scottsboro-Fort Payne, AL": {"Population": 124586, "Latitude": 34.6487419, "Longitude": -85.9195827}, "Seattle-Tacoma, WA": {"Population": 4953985, "Latitude": 47.4867133, "Longitude": -122.1786225}, "Shreveport-Bossier City-Minden, LA": {"Population": 425339, "Latitude": 32.4889193, "Longitude": -93.6691158}, "South Bend-Elkhart-Mishawaka, IN-MI": {"Population": 809944, "Latitude": 41.7177261, "Longitude": -86.2944166}, "Spencer-Spirit Lake, IA": {"Population": 34291, "Latitude": 43.2047343, "Longitude": -95.1508826}, "Spokane-Spokane Valley-Coeur d'Alene, WA-ID": {"Population": 773255, "Latitude": 47.9840483, "Longitude": -117.4418841}, "Springfield-Jacksonville-Lincoln, IL": {"Population": 305994, "Latitude": 39.7905114, "Longitude": -89.6914154}, "St. Louis-St. Charles-Farmington, MO-IL": {"Population": 2914230, "Latitude": 38.6839906, "Longitude": -90.2663583}, "State College-DuBois, PA": {"Population": 237609, "Latitude": 40.960856, "Longitude": -78.1530148}, "Steamboat Springs-Craig, CO": {"Population": 38276, "Latitude": 40.5753449, "Longitude": -107.8022031}, "Syracuse-Auburn, NY": {"Population": 734161, "Latitude": 43.1549759, "Longitude": -76.193996}, "Toledo-Findlay-Tiffin, OH": {"Population": 832494, "Latitude": 41.3893053, "Longitude": -83.437461}, "Tucson-Nogales, AZ": {"Population": 1099913, "Latitude": 32.0314453, "Longitude": -111.6767451}, "Tulsa-Muskogee-Bartlesville, OK": {"Population": 1142906, "Latitude": 36.2062626, "Longitude": -96.0645664}, "Tupelo-Corinth, MS": {"Population": 197511, "Latitude": 34.4356254, "Longitude": -88.6370538}, "Tyler-Jacksonville, TX": {"Population": 288283, "Latitude": 32.0907803, "Longitude": -95.2139324}, "Victoria-Port Lavaca, TX": {"Population": 117854, "Latitude": 28.6209495, "Longitude": -96.9795249}, "Virginia Beach-Norfolk, VA-NC": {"Population": 1895105, "Latitude": 36.5039596, "Longitude": -76.2716098}, "Washington-Baltimore-Arlington, DC-MD-VA-WV-PA": {"Population": 9946526, "Latitude": 39.028281, "Longitude": -77.308333}, "Wausau-Stevens Point-Wisconsin Rapids, WI": {"Population": 310727, "Latitude": 44.8236289, "Longitude": -89.7577835}, "Wichita-Winfield, KS": {"Population": 682415, "Latitude": 37.5527505, "Longitude": -97.1588563}, "Williamsport-Lock Haven, PA": {"Population": 151070, "Latitude": 41.2979366, "Longitude": -77.3046599}, "Youngstown-Warren, OH-PA": {"Population": 639379, "Latitude": 41.127652, "Longitude": -80.6173576}}
